filename,tags
3peopleLoveSad.png,"#Love ,#Confusion,#Community,#Art,,,,,,,,"
AlanPelaezLopez-01.jpg,"#Feminism ,#Culture,#Offensive,#Art,#Division,#Crisis,#Controversy,#SelfExpression,#IndegenousCulture,,,"
boywithflagsImmigration.jpeg,"#Division ,#Immergration,#Marginalization,#Crisis,#Migration,#Multicultural,,,,,,"
Chicana-Lesbians-1.jpg,"#LGBTQIA ,#Feminism,#Art,#Controversy,#Androgynous,#SelfExpression,,,,,,"
diversity-peopleGraphic.jpg,"#Multicultural ,#Trendy,#Diversity,,,,,,,,,"
existoPorqueresisto.jpeg,"#Feminism ,#Social Justice,#Protest,#Marginalization,#Resistance,#Gender,#Community,#Freedom,,,,"
girl-asks-about-X.jpeg,"#Confusion ,#Offensive,#Controversy,#Trendy,#Division,,,,,,,"
handscommunity.jpeg,"#Multicultural ,#Community,#Protest,#Resistance,#Unity,,,,,,,"
heritage-month.png,"#Diversity ,#Multicultural,#Community,#CulturalPride,#SelfExpression,,,,,,,"
IndigenousMundo-Latinx.jpg,"#IndegenousPeople ,#IndegenousCulture,#Culture,,,,,,,,,"
IndigenousyAlitza-Lede.jpg,"#IndegenousPeople ,#IndegenousCulture,#Art,#Trendy,#Culture,,,,,,,"
kissing-couple.jpg,"#LGBTQIA ,#Protest,#Resistance,#Love,#Unity,#Community,,,,,,"
latinx-lgbtq-queer-latino-latina-gender-dictionary.jpg,"#LGBTQIA ,#Protest,#Resistance,#Freedom,#Unity,#Community,#Diversity,#Controversy,#Social Justice,,,"
LatinxAbstr.jpg,"#Love ,#Unity,#Community,#Diversity,#Multicultural,,,,,,,"
LatinxConfusionOffense.jpg,"#Offensive , #Language,#Controversy,#Culture,,,,,,,,"
latinxplants.jpg," #Language ,#Art,#Culture,,,,,,,,,"
losAmantesLovegenderqueer.jpg,"#Love ,#Art,#GenderFluid,#LGBTQIA,#Culture,#Trans,#Freedom,,,,,"
Mural1.webp,"#Feminism ,#Art,#Controversy,#IndegenousPeople,#Culture,#Crisis,#Migration,#Protest,#SelfExpression,#Diversity,#IndegenousCulture,"
mural2ethnicity.jpeg,"#IndegenousCulture ,#Art,#Culture,,,,,,,,,"
Mural3WithPeopleculture.jpg,"#Culture ,#Art,#Unity,#CulturalPride,,,,,,,,"
protestrace.jpeg,"#Social Justice ,#Protest,,,,,,,,,,"
skeleton.jpeg,"#GenderFluid ,#Art,#NonBinary,#Trans,,,,,,,,"
Termsoffensive.jpg,"#Trendy ,#Offensive, #Language,,,,,,,,,"
TransModelFashion.webp,"#IndegenousPeople ,#LGBTQIA,#Trans,#Art,#Trendy,#Resistance,#SelfExpression,#CulturalPride,#Culture,,,"
TransProtest.jpeg,"#Social Justice ,#Protest,#LGBTQIA,#Trans,#Resistance,#Unity,,,,,,"